Temperature,PArgon,Density,Viscosity
25,-15,0.0,1.5191e-05
25,-14,0.0069365,1.5192e-05
25,-13,0.013874,1.5193e-05
25,-12,0.020811,1.5194e-05
25,-11,0.02775,1.5194e-05
25,-10,0.034689,1.5195e-05
25,-9,0.041628,1.5196e-05
25,-8,0.048568,1.5197e-05
25,-7,0.055509,1.5197e-05
25,-6,0.06245,1.5198e-05
25,-5,0.069392,1.5199e-05
25,-4,0.076334,1.52e-05
25,-3,0.083278,1.5201e-05
25,-2,0.090221,1.5201e-05
25,-1,0.097166,1.5202e-05
25,0,0.10411,1.5203e-05
25,1,0.11106,1.5204e-05
25,2,0.118,1.5204e-05
25,3,0.12495,1.5205e-05
25,4,0.1319,1.5206e-05
25,5,0.13884,1.5207e-05
25,6,0.14579,1.5208e-05
25,7,0.15274,1.5208e-05
25,8,0.15969,1.5209e-05
25,9,0.16664,1.521e-05
25,10,0.17359,1.5211e-05
25,11,0.18054,1.5212e-05
25,12,0.1875,1.5212e-05
25,13,0.19445,1.5213e-05
25,14,0.2014,1.5214e-05
25,15,0.20836,1.5215e-05
25,16,0.21531,1.5215e-05
25,17,0.22226,1.5216e-05
25,18,0.22922,1.5217e-05
25,19,0.23618,1.5218e-05
25,20,0.24313,1.5219e-05
25,21,0.25009,1.5219e-05
25,22,0.25705,1.522e-05
25,23,0.26401,1.5221e-05
25,24,0.27097,1.5222e-05
25,25,0.27793,1.5223e-05
25,26,0.28489,1.5223e-05
25,27,0.29185,1.5224e-05
25,28,0.29881,1.5225e-05
25,29,0.30577,1.5226e-05
25,30,0.31273,1.5227e-05
25,31,0.3197,1.5227e-05
25,32,0.32666,1.5228e-05
25,33,0.33363,1.5229e-05
25,34,0.34059,1.523e-05
25,35,0.34756,1.5231e-05
25,36,0.35452,1.5231e-05
25,37,0.36149,1.5232e-05
25,38,0.36846,1.5233e-05
25,39,0.37542,1.5234e-05
25,40,0.38239,1.5235e-05
25,41,0.38936,1.5236e-05
25,42,0.39633,1.5236e-05
25,43,0.4033,1.5237e-05
25,44,0.41027,1.5238e-05
25,45,0.41725,1.5239e-05
25,46,0.42422,1.524e-05
25,47,0.43119,1.524e-05
25,48,0.43816,1.5241e-05
25,49,0.44514,1.5242e-05
25,50,0.45211,1.5243e-05
25,51,0.45909,1.5244e-05
25,52,0.46606,1.5245e-05
25,53,0.47304,1.5245e-05
25,54,0.48002,1.5246e-05
25,55,0.48699,1.5247e-05
25,56,0.49397,1.5248e-05
25,57,0.50095,1.5249e-05
25,58,0.50793,1.5249e-05
25,59,0.51491,1.525e-05
25,60,0.52189,1.5251e-05
25,61,0.52887,1.5252e-05
25,62,0.53585,1.5253e-05
25,63,0.54283,1.5254e-05
25,64,0.54982,1.5254e-05
25,65,0.5568,1.5255e-05
25,66,0.56378,1.5256e-05
25,67,0.57077,1.5257e-05
25,68,0.57775,1.5258e-05
25,69,0.58474,1.5259e-05
25,70,0.59173,1.5259e-05
25,71,0.59871,1.526e-05
25,72,0.6057,1.5261e-05
25,73,0.61269,1.5262e-05
25,74,0.61968,1.5263e-05
25,75,0.62667,1.5264e-05
25,76,0.63366,1.5264e-05
25,77,0.64065,1.5265e-05
25,78,0.64764,1.5266e-05
25,79,0.65463,1.5267e-05
25,80,0.66162,1.5268e-05
25,81,0.66861,1.5269e-05
25,82,0.67561,1.527e-05
25,83,0.6826,1.527e-05
25,84,0.68959,1.5271e-05
25,85,0.69659,1.5272e-05
25,86,0.70358,1.5273e-05
25,87,0.71058,1.5274e-05
25,88,0.71758,1.5275e-05
25,89,0.72457,1.5275e-05
25,90,0.73157,1.5276e-05
25,91,0.73857,1.5277e-05
25,92,0.74557,1.5278e-05
25,93,0.75257,1.5279e-05
25,94,0.75957,1.528e-05
25,95,0.76657,1.5281e-05
25,96,0.77357,1.5281e-05
25,97,0.78057,1.5282e-05
25,98,0.78758,1.5283e-05
25,99,0.79458,1.5284e-05
25,100,0.80158,1.5285e-05
25,101,0.80859,1.5286e-05
25,102,0.81559,1.5287e-05
25,103,0.8226,1.5287e-05
25,104,0.8296,1.5288e-05
25,105,0.83661,1.5289e-05
25,106,0.84362,1.529e-05
25,107,0.85062,1.5291e-05
25,108,0.85763,1.5292e-05
25,109,0.86464,1.5293e-05
25,110,0.87165,1.5293e-05
25,111,0.87866,1.5294e-05
25,112,0.88567,1.5295e-05
25,113,0.89268,1.5296e-05
25,114,0.89969,1.5297e-05
25,115,0.90671,1.5298e-05
25,116,0.91372,1.5299e-05
25,117,0.92073,1.53e-05
25,118,0.92775,1.53e-05
25,119,0.93476,1.5301e-05
25,120,0.94178,1.5302e-05
25,121,0.94879,1.5303e-05
25,122,0.95581,1.5304e-05
25,123,0.96283,1.5305e-05
25,124,0.96984,1.5306e-05
25,125,0.97686,1.5306e-05
25,126,0.98388,1.5307e-05
25,127,0.9909,1.5308e-05
25,128,0.99792,1.5309e-05
25,129,1.0049,1.531e-05
25,130,1.012,1.5311e-05
25,131,1.019,1.5312e-05
25,132,1.026,1.5313e-05
25,133,1.033,1.5314e-05
25,134,1.04,1.5314e-05
25,135,1.0471,1.5315e-05
25,136,1.0541,1.5316e-05
25,137,1.0611,1.5317e-05
25,138,1.0681,1.5318e-05
25,139,1.0752,1.5319e-05
25,140,1.0822,1.532e-05
25,141,1.0892,1.5321e-05
25,142,1.0963,1.5322e-05
25,143,1.1033,1.5322e-05
25,144,1.1103,1.5323e-05
25,145,1.1173,1.5324e-05
25,146,1.1244,1.5325e-05
25,147,1.1314,1.5326e-05
25,148,1.1384,1.5327e-05
25,149,1.1455,1.5328e-05
25,150,1.1525,1.5329e-05
25,151,1.1595,1.533e-05
25,152,1.1666,1.533e-05
25,153,1.1736,1.5331e-05
25,154,1.1806,1.5332e-05
25,155,1.1877,1.5333e-05
25,156,1.1947,1.5334e-05
25,157,1.2017,1.5335e-05
25,158,1.2088,1.5336e-05
25,159,1.2158,1.5337e-05
25,160,1.2228,1.5338e-05
25,161,1.2299,1.5339e-05
25,162,1.2369,1.5339e-05
25,163,1.244,1.534e-05
25,164,1.251,1.5341e-05
25,165,1.258,1.5342e-05
25,166,1.2651,1.5343e-05
25,167,1.2721,1.5344e-05
25,168,1.2792,1.5345e-05
25,169,1.2862,1.5346e-05
25,170,1.2933,1.5347e-05
25,171,1.3003,1.5348e-05
25,172,1.3073,1.5349e-05
25,173,1.3144,1.5349e-05
25,174,1.3214,1.535e-05
25,175,1.3285,1.5351e-05
25,176,1.3355,1.5352e-05
25,177,1.3426,1.5353e-05
25,178,1.3496,1.5354e-05
25,179,1.3567,1.5355e-05
25,180,1.3637,1.5356e-05
25,181,1.3708,1.5357e-05
25,182,1.3778,1.5358e-05
25,183,1.3849,1.5359e-05
25,184,1.3919,1.536e-05
25,185,1.399,1.536e-05
25,186,1.406,1.5361e-05
25,187,1.4131,1.5362e-05
25,188,1.4201,1.5363e-05
25,189,1.4272,1.5364e-05
25,190,1.4342,1.5365e-05
25,191,1.4413,1.5366e-05
25,192,1.4484,1.5367e-05
25,193,1.4554,1.5368e-05
25,194,1.4625,1.5369e-05
25,195,1.4695,1.537e-05
25,196,1.4766,1.5371e-05
25,197,1.4836,1.5372e-05
25,198,1.4907,1.5373e-05
25,199,1.4978,1.5373e-05
25,200,1.5048,1.5374e-05
25,201,1.5119,1.5375e-05
25,202,1.5189,1.5376e-05
25,203,1.526,1.5377e-05
25,204,1.5331,1.5378e-05
25,205,1.5401,1.5379e-05
25,206,1.5472,1.538e-05
25,207,1.5543,1.5381e-05
25,208,1.5613,1.5382e-05
25,209,1.5684,1.5383e-05
25,210,1.5755,1.5384e-05
25,211,1.5825,1.5385e-05
25,212,1.5896,1.5386e-05
25,213,1.5967,1.5387e-05
25,214,1.6037,1.5388e-05
25,215,1.6108,1.5389e-05
25,216,1.6179,1.5389e-05
25,217,1.6249,1.539e-05
25,218,1.632,1.5391e-05
25,219,1.6391,1.5392e-05
25,220,1.6461,1.5393e-05
25,221,1.6532,1.5394e-05
25,222,1.6603,1.5395e-05
25,223,1.6674,1.5396e-05
25,224,1.6744,1.5397e-05
25,225,1.6815,1.5398e-05
25,226,1.6886,1.5399e-05
25,227,1.6957,1.54e-05
25,228,1.7027,1.5401e-05
25,229,1.7098,1.5402e-05
25,230,1.7169,1.5403e-05
25,231,1.724,1.5404e-05
25,232,1.731,1.5405e-05
25,233,1.7381,1.5406e-05
25,234,1.7452,1.5407e-05
25,235,1.7523,1.5408e-05
25,236,1.7594,1.5409e-05
25,237,1.7664,1.541e-05
25,238,1.7735,1.5411e-05
25,239,1.7806,1.5411e-05
25,240,1.7877,1.5412e-05
25,241,1.7948,1.5413e-05
25,242,1.8019,1.5414e-05
25,243,1.8089,1.5415e-05
25,244,1.816,1.5416e-05
25,245,1.8231,1.5417e-05
25,246,1.8302,1.5418e-05
25,247,1.8373,1.5419e-05
25,248,1.8444,1.542e-05
25,249,1.8514,1.5421e-05
25,250,1.8585,1.5422e-05
25,251,1.8656,1.5423e-05
25,252,1.8727,1.5424e-05
25,253,1.8798,1.5425e-05
25,254,1.8869,1.5426e-05
25,255,1.894,1.5427e-05
25,256,1.9011,1.5428e-05
25,257,1.9082,1.5429e-05
25,258,1.9153,1.543e-05
25,259,1.9223,1.5431e-05
25,260,1.9294,1.5432e-05
25,261,1.9365,1.5433e-05
25,262,1.9436,1.5434e-05
25,263,1.9507,1.5435e-05
25,264,1.9578,1.5436e-05
25,265,1.9649,1.5437e-05
25,266,1.972,1.5438e-05
25,267,1.9791,1.5439e-05
25,268,1.9862,1.544e-05
25,269,1.9933,1.5441e-05
25,270,2.0004,1.5442e-05
25,271,2.0075,1.5443e-05
25,272,2.0146,1.5444e-05
25,273,2.0217,1.5445e-05
25,274,2.0288,1.5446e-05
25,275,2.0359,1.5447e-05
25,276,2.043,1.5448e-05
25,277,2.0501,1.5449e-05
25,278,2.0572,1.545e-05
25,279,2.0643,1.5451e-05
25,280,2.0714,1.5452e-05
25,281,2.0785,1.5453e-05
25,282,2.0856,1.5454e-05
25,283,2.0927,1.5455e-05
25,284,2.0998,1.5456e-05
25,285,2.1069,1.5457e-05
25,286,2.1141,1.5458e-05
25,287,2.1212,1.5459e-05
25,288,2.1283,1.546e-05
25,289,2.1354,1.5461e-05
25,290,2.1425,1.5462e-05
25,291,2.1496,1.5463e-05
25,292,2.1567,1.5464e-05
25,293,2.1638,1.5465e-05
25,294,2.1709,1.5466e-05
25,295,2.178,1.5467e-05
25,296,2.1851,1.5468e-05
25,297,2.1923,1.5469e-05
25,298,2.1994,1.547e-05
25,299,2.2065,1.5471e-05
